,City,Lat,Lng,Max Temp,Humidity,Cloudiness,Wind Speed,Country,Date
0,Bredasdorp,-34.5322,20.0403,60.67,82,100,6.44,ZA,1666664575
1,Busselton,-33.65,115.3333,63.7,54,64,9.71,AU,1666664565
2,Vaini,-21.2,-175.2,77.16,57,20,12.66,TO,1666664584
3,Bluff,-46.6,168.3333,57.79,59,0,13.06,NZ,1666664559
4,Lavrentiya,65.5833,-171.0,25.25,67,6,1.23,RU,1666664590
5,Saint-Philippe,-21.3585,55.7679,69.39,82,26,6.42,RE,1666664592
6,Alyangula,-13.8483,136.4192,87.35,67,8,8.97,AU,1666664557
7,Waingapu,-9.6567,120.2641,85.75,66,99,6.96,ID,1666664629
8,Atuona,-9.8,-139.0333,76.64,73,0,16.22,PF,1666664594
9,Upernavik,72.7868,-56.1549,28.81,97,100,6.4,GL,1666664589
10,Ushuaia,-54.8,-68.3,37.06,87,40,24.16,AR,1666664492
11,São João da Barra,-21.6403,-41.0511,72.48,87,52,4.12,BR,1666664625
12,Yellowknife,62.456,-114.3525,28.92,74,100,9.22,CA,1666664606
13,Beira,-19.8436,34.8389,77.09,88,20,2.3,MZ,1666664630
14,Albany,42.6001,-73.9662,57.63,94,100,0.58,US,1666664334
15,Ojinaga,29.5667,-104.4167,63.55,25,0,6.91,MX,1666664631
16,Chokurdakh,70.6333,147.9167,5.04,84,100,5.86,RU,1666664620
17,Laas,46.6166,10.7002,49.37,98,100,3.0,IT,1666664632
18,Juegang,32.3174,121.1855,67.91,53,14,13.85,CN,1666664599
19,Vila Franca do Campo,37.7167,-25.4333,64.81,77,78,10.31,PT,1666664626
20,Carnarvon,-24.8667,113.6333,68.88,49,0,21.61,AU,1666664618
21,Bindi,9.9167,-11.45,71.58,93,100,2.33,SL,1666664633
22,Faya,18.3851,42.4509,59.11,68,0,2.19,SA,1666664633
23,Tuktoyaktuk,69.4541,-133.0374,14.0,85,75,0.0,CA,1666664568
24,Hong Kong,22.2855,114.1577,78.85,60,97,11.99,HK,1666664442
25,Novogurovskiy,54.4678,37.3428,31.15,84,64,3.22,RU,1666664634
26,Lompoc,34.6391,-120.4579,63.01,85,0,4.61,US,1666664618
27,Qaqortoq,60.7167,-46.0333,28.38,89,63,5.39,GL,1666664635
28,Ruteng,-8.6136,120.4721,76.32,58,36,0.67,ID,1666664635
29,Saint Paul Harbor,57.79,-152.4072,45.91,53,0,18.41,US,1666664589
30,San Patricio,28.017,-97.5169,80.83,83,14,18.66,US,1666664615
31,Kholtoson,50.2981,103.3097,24.62,72,61,1.74,RU,1666664636
32,Norman Wells,65.282,-126.8329,21.24,93,100,2.3,CA,1666664656
33,Kaitangata,-46.2817,169.8464,54.59,54,0,8.59,NZ,1666664592
34,Hithadhoo,-0.6,73.0833,82.33,73,12,6.91,MV,1666664588
35,Lebu,-37.6167,-73.65,51.06,93,100,1.03,CL,1666664607
36,Tiksi,71.6872,128.8694,18.27,94,100,2.15,RU,1666664621
37,Tasiilaq,65.6145,-37.6368,31.37,96,100,14.16,GL,1666664611
38,Arraial do Cabo,-22.9661,-42.0278,71.62,86,100,6.8,BR,1666664658
39,Avarua,-21.2078,-159.775,75.25,73,75,10.36,CK,1666664603
40,Wonthaggi,-38.6044,145.5913,67.82,82,100,2.17,AU,1666664438
41,East London,-33.0153,27.9116,66.87,89,16,8.63,ZA,1666664600
42,Donzdorf,48.6854,9.8105,51.8,95,1,5.82,DE,1666664659
43,Nyurba,63.2842,118.3319,28.0,79,98,13.18,RU,1666664660
44,Touros,-5.1989,-35.4608,78.08,79,1,14.12,BR,1666664597
45,Souillac,-20.5167,57.5167,68.38,83,75,3.44,MU,1666664563
46,Mokobeng,-22.9965,27.6678,66.43,68,5,4.14,BW,1666664661
47,Hinton,53.4001,-117.5857,35.26,71,100,3.22,CA,1666664661
48,Soma,39.1855,27.6094,56.19,63,1,5.91,TR,1666664662
49,Punta Arenas,-53.15,-70.9167,35.71,87,20,9.22,CL,1666664542
50,Nuuk,64.1835,-51.7216,31.87,80,95,1.99,GL,1666664663
51,Petropavlovsk-Kamchatskiy,53.0452,158.6483,39.79,42,40,8.95,RU,1666664597
52,Hermanus,-34.4187,19.2345,61.81,76,100,9.46,ZA,1666664571
53,Yulara,-25.2406,130.9889,74.75,47,100,13.98,AU,1666664597
54,Alice Springs,-23.7,133.8833,92.75,21,40,16.11,AU,1666664595
55,Mananjary,-21.2167,48.3333,69.89,89,32,9.15,MG,1666664664
56,Pahrump,36.2083,-115.9839,57.25,18,0,4.27,US,1666664665
57,Safi,32.2994,-9.2372,73.2,42,81,6.22,MA,1666664665
58,Isangel,-19.55,169.2667,79.23,68,23,10.83,VU,1666664583
59,Tremedal,-14.9758,-41.4108,69.69,90,100,3.56,BR,1666664666
60,Guerrero Negro,27.9769,-114.0611,72.39,33,0,15.68,MX,1666664642
61,Rikitea,-23.1203,-134.9692,73.69,79,0,15.43,PF,1666664581
62,Sola,-13.8833,167.55,79.5,77,7,8.16,VU,1666664626
63,Kruisfontein,-34.0033,24.7314,65.88,97,90,6.76,ZA,1666664572
64,Trincomalee,8.5711,81.2335,79.45,79,98,12.3,LK,1666664667
65,Provideniya,64.3833,-173.3,24.91,63,20,2.24,RU,1666664585
66,Bayir,37.2687,28.2167,43.32,46,0,3.15,TR,1666664668
67,Sabattus,44.1198,-70.1076,58.24,98,100,3.44,US,1666664668
68,Castro,-24.7911,-50.0119,58.89,96,35,9.64,BR,1666664511
69,Monte Alegre de Sergipe,-10.0272,-37.5622,72.39,84,9,10.0,BR,1666664669
70,Pisco,-13.7,-76.2167,60.03,88,0,12.66,PE,1666664606
71,Biak,-0.9131,122.8766,85.08,62,75,2.3,ID,1666664670
72,Kang,-23.6752,22.7876,72.57,44,15,6.13,BW,1666664670
73,Clyde River,70.4692,-68.5914,7.03,72,0,12.66,CA,1666664639
74,Pandan,14.0453,124.1694,83.21,85,96,10.51,PH,1666664670
75,Barrow,71.2906,-156.7887,19.42,93,100,24.16,US,1666664513
76,Huaihua,27.5494,109.9592,69.67,43,100,4.03,CN,1666664671
77,Port Hawkesbury,45.6169,-61.3485,57.9,95,100,3.0,CA,1666664671
78,Cidreira,-30.1811,-50.2056,63.57,74,39,10.18,BR,1666664626
79,Bubaque,11.2833,-15.8333,81.45,74,81,8.23,GW,1666664672
80,Mangan,27.5167,88.5333,72.16,40,66,1.1,IN,1666664672
81,Riyadh,24.6877,46.7219,64.54,18,0,5.26,SA,1666664413
82,Lagoa,39.05,-27.9833,64.9,70,41,28.01,PT,1666664617
83,Bowen,-20.0167,148.2333,82.04,78,36,16.69,AU,1666664673
84,Cabo San Lucas,22.8909,-109.9124,78.51,65,20,5.75,MX,1666664565
85,Aswān,24.0934,32.907,67.82,51,0,7.76,EG,1666664674
86,Korla,41.7597,86.1469,51.03,43,20,8.75,CN,1666664633
87,Dikson,73.5069,80.5464,27.14,75,100,19.8,RU,1666664636
88,Hobart,-42.8794,147.3294,60.66,96,100,6.91,AU,1666664558
89,Port Macquarie,-31.4333,152.9167,80.89,64,73,8.79,AU,1666664675
90,Millinocket,45.6573,-68.7098,53.71,100,100,3.44,US,1666664675
91,Qaanaaq,77.484,-69.3632,16.99,71,99,8.37,GL,1666664584
92,Jamestown,42.097,-79.2353,62.24,84,0,3.44,US,1666664556
93,Ribeira Grande,38.5167,-28.7,66.78,72,76,11.99,PT,1666664595
94,Wahiawā,21.5028,-158.0236,80.92,68,100,12.66,US,1666664676
95,Mataura,-46.1927,168.8643,57.47,29,0,2.1,NZ,1666664565
96,Hasaki,35.7333,140.8333,57.22,55,100,28.19,JP,1666664565
97,Siilinjärvi,63.0833,27.6667,26.62,100,100,2.3,FI,1666664677
98,Colombo,6.9319,79.8478,80.55,83,68,5.28,LK,1666664677
99,Oro Valley,32.3909,-110.9665,59.67,34,0,1.99,US,1666664678
100,Airai,-8.9266,125.4092,75.94,49,100,1.21,TL,1666664597
101,Alugan,12.2188,125.4808,82.29,86,100,9.15,PH,1666664678
102,Maple Creek,49.9168,-109.4848,39.61,75,92,13.8,CA,1666664679
103,Celestún,20.8667,-90.4,78.82,81,70,10.33,MX,1666664679
104,Maraã,-1.8333,-65.3667,74.93,96,100,2.95,BR,1666664679
105,Hingatungan,10.584,125.1852,77.74,89,100,4.23,PH,1666664680
106,Mayo,38.8876,-76.5119,61.18,94,100,0.0,US,1666664680
107,Chui,-33.6971,-53.4616,55.4,93,2,6.33,UY,1666664569
108,Rocha,-34.4833,-54.3333,52.5,96,3,6.17,UY,1666664641
109,Birgunj,27.0104,84.8774,69.87,83,0,6.24,NP,1666664681
110,Bambous Virieux,-20.3428,57.7575,72.21,83,75,3.44,MU,1666664616
111,Torredonjimeno,37.7675,-3.9578,65.1,34,96,5.68,ES,1666664682
112,Vestmannaeyjar,63.4427,-20.2734,43.63,85,100,14.2,IS,1666664608
113,Chapleau,47.8405,-83.4034,57.72,68,100,13.18,CA,1666664683
114,Saskylakh,71.9167,114.0833,11.68,95,100,9.22,RU,1666664572
115,Hanmer Springs,-42.5167,172.8167,48.15,91,100,0.49,NZ,1666664683
116,Mahébourg,-20.4081,57.7,72.25,83,75,3.44,MU,1666664633
117,Mpika,-11.8343,31.4529,68.27,50,99,2.17,ZM,1666664684
118,Nagato,34.3833,131.2,61.12,61,87,19.95,JP,1666664684
119,Hobyo,5.3505,48.5268,79.32,79,59,11.1,SO,1666664685
120,Puerto Ayora,-0.7393,-90.3518,67.55,89,100,4.0,EC,1666664631
121,Kysyl-Syr,63.8986,122.7617,26.91,85,100,14.92,RU,1666664685
122,Hay River,60.8156,-115.7999,30.18,93,75,8.05,CA,1666664535
123,Sitka,57.0531,-135.33,48.09,53,75,6.91,US,1666664667
124,Dalmatovo,56.26,62.9362,38.03,80,100,18.43,RU,1666664686
125,Saint-Paul,-21.0096,55.2707,73.49,84,14,5.37,RE,1666664686
126,Maridi,4.9158,29.4742,65.48,93,64,1.52,SS,1666664687
127,Nikolskoye,59.7035,30.7861,26.49,85,99,3.58,RU,1666664583
128,Asău,46.4333,26.4,45.52,80,100,5.93,RO,1666664653
129,Cherskiy,68.75,161.3,4.53,86,58,10.36,RU,1666664582
130,Westport,41.1415,-73.3579,63.07,92,100,11.5,US,1666664628
131,Lata,40.1629,-8.3327,62.08,84,100,5.68,PT,1666664607
132,Mount Gambier,-37.8333,140.7667,64.31,88,100,5.75,AU,1666664623
133,Severo-Kuril'sk,50.6789,156.125,39.36,63,59,19.93,RU,1666664600
134,Santiago,-33.4569,-70.6483,65.86,43,0,8.05,CL,1666664128
135,Grand-Lahou,5.1367,-5.0242,77.2,89,50,6.02,CI,1666664688
136,Gürgentepe,40.7883,37.6017,37.29,81,0,5.23,TR,1666664689
137,Popova,42.9603,131.7228,43.88,48,0,1.66,RU,1666664689
138,Carutapera,-1.195,-46.02,79.3,73,47,8.52,BR,1666664672
139,Uyuni,-20.4597,-66.825,46.36,10,0,2.75,BO,1666664678
140,Ancud,-41.8697,-73.8203,50.18,94,83,6.22,CL,1666664359
141,George Town,5.4112,100.3354,84.15,85,20,3.44,MY,1666664457
142,Hilo,19.7297,-155.09,80.33,82,75,6.91,US,1666664551
143,Kapaa,22.0752,-159.319,84.18,77,0,13.8,US,1666664573
144,Pindi Bhattian,31.8978,73.273,67.62,36,0,1.72,PK,1666664691
145,Kirakira,-10.4544,161.9205,83.39,76,25,4.45,SB,1666664691
146,Hofn,64.2539,-15.2082,41.83,81,100,13.96,IS,1666664681
147,Edd,13.9297,41.6925,83.91,65,1,7.36,ER,1666664685
148,Ambilobe,-13.2,49.05,67.46,84,37,4.05,MG,1666664692
149,Vostok,46.4856,135.8833,39.34,39,0,5.48,RU,1666664630
150,New Norfolk,-42.7826,147.0587,60.3,88,100,1.01,AU,1666664617
151,Huarmey,-10.0681,-78.1522,62.31,86,80,9.48,PE,1666664602
152,Kichmengskiy Gorodok,59.9816,45.7854,34.86,88,100,7.65,RU,1666664470
153,Paracuru,-3.41,-39.0306,80.11,81,12,12.82,BR,1666664693
154,Floriano,-6.7669,-43.0225,81.88,53,30,0.81,BR,1666664694
155,Mar del Plata,-38.0023,-57.5575,61.09,91,100,8.01,AR,1666664406
156,Requena,39.4883,-1.1004,57.79,56,100,1.16,ES,1666664670
157,Karratha,-20.7377,116.8463,84.81,22,0,4.88,AU,1666664560
158,Bereda,43.2686,-7.5406,58.41,98,100,2.68,ES,1666664695
159,Portsoy,57.6814,-2.6896,52.21,85,59,13.0,GB,1666664696
160,Walvis Bay,-22.9575,14.5053,60.1,88,87,11.5,NA,1666664678
161,Port Hardy,50.6996,-127.4199,46.58,81,75,6.91,CA,1666664630
162,Faanui,-16.4833,-151.75,78.91,78,100,16.11,PF,1666664640
163,Ust-Maya,60.4167,134.5333,29.73,79,99,10.42,RU,1666664696
164,Havøysund,70.9963,24.6622,37.63,81,61,14.14,NO,1666664662
165,Constantine,36.365,6.6147,56.61,38,0,3.44,DZ,1666664697
166,Berlevåg,70.8578,29.0864,35.6,80,75,18.41,NO,1666664697
167,Mogadishu,2.0371,45.3438,77.94,84,24,8.59,SO,1666664430
168,Martil,35.6166,-5.2752,66.16,82,89,2.3,MA,1666664698
169,Antofagasta,-23.65,-70.4,60.08,78,38,3.36,CL,1666664698
170,Fortuna,40.5982,-124.1573,59.94,88,100,0.0,US,1666664592
171,Healdsburg,38.6105,-122.8692,66.45,57,0,3.0,US,1666664699
172,Podgornoye,51.735,39.1496,41.22,93,100,4.47,RU,1666664700
173,Khatanga,71.9667,102.5,-3.23,98,94,2.86,RU,1666664591
174,Ballina,-28.8667,153.5667,85.78,60,92,7.61,AU,1666664617
175,Cape Town,-33.9258,18.4232,66.38,67,75,12.66,ZA,1666664609
176,Deniliquin,-35.5333,144.9667,71.33,65,34,7.52,AU,1666664701
177,Samarkand,39.6542,66.9597,47.62,100,100,6.91,UZ,1666664701
178,Klaksvík,62.2266,-6.589,50.92,98,100,22.39,FO,1666664620
179,Torata,-17.0769,-70.8433,56.41,45,93,1.63,PE,1666664702
180,Kulunda,52.566,78.9385,28.49,54,2,7.61,RU,1666664702
181,Longyearbyen,78.2186,15.6401,19.24,68,20,2.3,SJ,1666664475
182,São Filipe,14.8961,-24.4956,77.16,77,8,4.97,CV,1666664607
183,Xining,36.6167,101.7667,49.32,62,100,1.95,CN,1666664685
184,Aljezur,37.3191,-8.8033,66.36,95,100,8.37,PT,1666664704
185,Bonavista,48.6499,-53.1147,48.87,66,100,2.17,CA,1666664586
186,Sai Buri,6.7013,101.6168,82.11,75,100,2.95,TH,1666664705
187,Tandaltī,13.0167,31.8667,80.28,19,0,16.06,SD,1666664705
188,Portland,45.5234,-122.6762,52.75,92,20,4.0,US,1666664146
189,Saint Anthony,45.0205,-93.218,47.25,79,100,10.36,US,1666664706
190,Villazón,-22.0866,-65.5942,50.45,64,55,9.1,BO,1666664706
191,Two Hills,53.7169,-111.7518,36.09,60,100,4.61,CA,1666664707
192,Butaritari,3.0707,172.7902,81.55,74,14,12.57,KI,1666664570
193,Bull Savanna,17.8868,-77.5902,76.8,79,1,2.39,JM,1666664708
194,Fort Frances,48.5999,-93.4003,46.62,70,100,13.8,CA,1666664708
195,Iqaluit,63.7506,-68.5145,20.93,68,100,12.66,CA,1666664603
196,Aketi,2.7388,23.7833,69.94,98,80,1.48,CD,1666664709
197,Saint George,37.1041,-113.5841,54.19,37,0,8.05,US,1666664646
198,La Ronge,55.1001,-105.2842,34.05,64,100,13.8,CA,1666664710
199,Shingū,33.7333,135.9833,64.11,49,75,6.8,JP,1666664595
200,Laem Sing,12.4816,102.0738,88.41,76,83,4.03,TH,1666664711
201,Tucuruí,-3.7661,-49.6725,79.5,67,11,3.24,BR,1666664711
202,Santa Maria,-29.6842,-53.8069,60.1,82,0,6.91,BR,1666664712
203,Ahipara,-35.1667,173.1667,66.13,58,43,3.38,NZ,1666664593
204,Newala,-10.9431,39.2787,63.14,89,63,7.02,TZ,1666664713
205,Lorengau,-2.0226,147.2712,86.92,61,100,5.97,PG,1666664633
206,Bundaberg,-24.85,152.35,82.22,76,13,5.99,AU,1666664713
207,Haapiti,-17.5667,-149.8667,82.13,80,85,20.49,PF,1666664716
208,Bako,5.7833,36.5667,62.2,80,3,4.21,ET,1666664716
209,Ulladulla,-35.35,150.4667,75.15,58,58,2.13,AU,1666664717
210,Tecpan,14.7623,-90.9947,57.88,95,35,1.81,GT,1666664717
211,Yertsevo,60.7966,40.086,32.9,82,100,5.35,RU,1666664718
212,Nara,34.6851,135.8049,65.52,43,10,12.37,JP,1666664719
213,Tongzi,28.7829,105.0877,64.67,70,100,3.8,CN,1666664719
214,Baracoa,20.3467,-74.4958,77.0,81,1,2.64,CU,1666664720
215,Pangody,65.85,74.4859,24.08,97,100,4.25,RU,1666664720
216,Port Alfred,-33.5906,26.891,64.18,97,34,1.99,ZA,1666664602
217,Half Moon Bay,37.4636,-122.4286,66.11,50,0,14.97,US,1666664518
218,Kavaratti,10.5669,72.642,81.3,70,6,2.57,IN,1666664643
219,Tura,25.5198,90.2201,64.29,98,100,7.7,IN,1666664661
220,Codrington,-38.2667,141.9667,61.93,95,100,7.25,AU,1666664614
221,Flinders,-34.5833,150.8552,78.19,80,47,1.99,AU,1666664713
222,Kozhevnikovo,56.2589,83.9714,29.25,71,83,12.15,RU,1666664722
223,Salalah,17.0151,54.0924,75.29,73,0,4.61,OM,1666664557
224,Kavieng,-2.5744,150.7967,84.94,67,90,2.91,PG,1666664684
225,Sechura,-5.5569,-80.8222,63.37,81,73,12.28,PE,1666664723
226,Nioro,13.35,-15.75,75.52,82,99,0.96,GM,1666664611
227,Baharly,38.4362,57.4316,61.32,76,60,3.76,TM,1666664724
228,Khanbari,27.3747,87.2039,64.67,52,38,0.31,NP,1666664724
229,Tual,-5.6667,132.75,83.43,72,86,4.52,ID,1666664725
230,Mason City,43.1536,-93.201,44.58,93,100,8.05,US,1666664556
231,Bulalacao,12.3254,121.3435,85.91,67,99,8.63,PH,1666664727
232,Praia da Vitória,38.7333,-27.0667,64.76,82,0,13.76,PT,1666664728
233,Nizwá,22.9333,57.5333,71.6,39,0,1.48,OM,1666664688
234,Velikiy Ustyug,60.7644,46.3106,33.13,84,97,8.68,RU,1666664729
235,Altus,34.6381,-99.334,58.51,88,100,25.32,US,1666664552
236,Fort Nelson,58.8053,-122.7002,26.19,86,100,6.91,CA,1666664729
237,Hualmay,-11.0964,-77.6139,61.95,85,56,9.64,PE,1666664649
238,Pemangkat,1.1667,108.9667,77.77,88,100,5.35,ID,1666664628
239,Province of Mantua,45.1667,10.7833,65.44,89,99,1.99,IT,1666664730
240,Kahului,20.8947,-156.47,87.82,60,40,25.32,US,1666664577
241,Bethel,41.3712,-73.414,61.02,89,100,5.75,US,1666664603
242,Olafsvik,64.8945,-23.7142,40.28,76,100,12.59,IS,1666664713
243,Esperance,-33.8667,121.9,60.1,82,100,8.1,AU,1666664568
244,San Roque,36.2107,-5.3842,63.43,82,100,2.3,ES,1666664732
245,Anloga,5.7947,0.8973,80.19,81,100,7.56,GH,1666664732
246,Saldanha,-33.0117,17.9442,55.45,82,100,14.18,ZA,1666664705
247,Koster,-25.863,26.8976,57.56,84,14,4.7,ZA,1666664733
248,Tabou,4.423,-7.3528,76.35,92,38,7.29,CI,1666664613
249,Haines Junction,60.7522,-137.5108,26.55,68,100,6.91,CA,1666664614
250,Kurchum,48.5722,83.6542,33.51,46,0,4.32,KZ,1666664734
251,Thompson,55.7435,-97.8558,30.36,93,100,18.41,CA,1666664633
252,Tuatapere,-46.1333,167.6833,60.69,39,0,5.59,NZ,1666664615
253,Ban Phai,16.06,102.731,82.62,62,84,9.6,TH,1666664735
254,Bengkulu,-3.8004,102.2655,76.46,87,100,4.07,ID,1666664631
255,Talnakh,69.4865,88.3972,24.21,96,100,7.81,RU,1666664664
256,Key West,24.5557,-81.7826,80.6,79,0,5.75,US,1666664574
257,Bilibino,68.0546,166.4372,-5.78,96,56,3.0,RU,1666664668
258,Ambon City,-3.6954,128.1814,89.74,70,40,6.91,ID,1666664707
259,Manokwari,-0.8667,134.0833,83.73,72,100,6.87,ID,1666664691
260,Capaci,38.1711,13.2393,68.25,29,0,2.3,IT,1666664737
261,Doha,25.2867,51.5333,80.58,65,0,3.44,QA,1666664689
262,Aykhal,66.0,111.5,13.96,93,60,22.17,RU,1666664574
263,Dunedin,-45.8742,170.5036,57.79,63,0,1.99,NZ,1666664594
264,Hue,16.4667,107.6,75.31,100,75,3.44,VN,1666664450
265,Krasnosel'kup,65.7,82.4667,30.29,96,100,9.17,RU,1666664635
266,Esterhazy,50.65,-102.0843,29.25,89,93,15.9,CA,1666664738
267,Griffith,41.5284,-87.4237,72.05,54,0,17.27,US,1666664585
268,Camopi,3.1655,-52.3158,73.31,86,100,3.02,GF,1666664738
269,Vanimo,-2.6741,141.3028,86.65,63,62,6.78,PG,1666664684
270,Bathsheba,13.2167,-59.5167,81.21,89,20,6.91,BB,1666664632
271,Solenzo,12.1833,-4.0833,79.05,32,8,4.61,BF,1666664739
272,Cayenne,4.9333,-52.3333,82.44,83,0,3.44,GF,1666664586
273,North Platte,41.1239,-100.7654,41.11,67,0,1.01,US,1666664740
274,Yabrūd,33.9674,36.6574,52.75,72,0,1.57,SY,1666664741
275,Kropotkin,45.4375,40.5756,51.73,79,99,10.54,RU,1666664741
276,Kungurtug,50.5994,97.5228,20.55,77,50,1.1,RU,1666664529
277,Coquimbo,-29.9533,-71.3436,55.13,87,100,6.91,CL,1666664344
278,Abhā,18.2164,42.5053,58.82,58,0,0.0,SA,1666664742
279,Yenagoa,4.9247,6.2642,76.32,93,95,3.53,NG,1666664700
280,Toora-Khem,52.4675,96.11,18.99,75,34,2.95,RU,1666664690
281,Grand Gaube,-20.0064,57.6608,72.37,70,2,1.99,MU,1666664608
282,Penzance,50.1186,-5.5371,57.88,89,100,13.85,GB,1666664743
283,Bend,44.0582,-121.3153,46.26,65,100,5.01,US,1666664743
284,Hokitika,-42.7167,170.9667,50.4,92,100,4.72,NZ,1666664605
285,Boa Vista,2.8197,-60.6733,78.78,78,40,2.3,BR,1666664744
286,Omboué,-1.5746,9.2618,73.44,94,100,7.52,GA,1666664638
287,Filingué,14.3521,3.3168,86.5,24,33,7.78,NE,1666664745
288,Tebingtinggi,3.3285,99.1625,76.51,95,100,1.16,ID,1666664662
289,La Flèche,47.6982,-0.0755,55.65,98,34,6.93,FR,1666664746
290,Kenai,60.5544,-151.2583,35.65,58,0,0.0,US,1666664746
291,Te Anau,-45.4167,167.7167,58.35,36,2,1.72,NZ,1666664746
292,Nirasaki,35.7,138.45,52.88,70,100,2.82,JP,1666664711
293,Port Lincoln,-34.7333,135.8667,64.02,71,83,11.14,AU,1666664692
294,Renala Khurd,30.8833,73.6,69.12,27,0,2.17,PK,1666664747
295,Adra,36.7496,-3.0206,76.39,40,100,3.78,ES,1666664748
296,Igrim,63.1906,64.4162,31.77,96,100,6.22,RU,1666664748
297,Caravelas,-17.7125,-39.2481,72.36,94,100,7.74,BR,1666664648
298,Quatre Cocos,-20.2078,57.7625,72.09,68,9,9.62,MU,1666664651
299,Rio Rancho,35.2334,-106.6645,44.96,37,0,19.57,US,1666664531
300,Hambantota,6.1241,81.1185,80.24,76,100,10.02,LK,1666664637
301,Udachny,66.4167,112.4,21.45,73,16,18.59,RU,1666664671
302,Leer,8.3018,30.1418,72.12,87,4,3.83,SS,1666664750
303,Grootfontein,-19.5667,18.1167,77.02,32,91,3.83,NA,1666664750
304,Katsuura,35.1333,140.3,57.22,81,100,24.23,JP,1666664639
305,Ipixuna,-1.7625,-48.8043,76.96,86,38,4.65,BR,1666664752
306,Sorong,-0.8833,131.25,85.39,69,100,7.34,ID,1666664752
307,Porbandar,21.6422,69.6093,78.44,59,0,5.32,IN,1666664752
308,Marystown,47.1666,-55.1483,53.56,66,100,2.48,CA,1666664711
309,Manicoré,-5.8092,-61.3003,76.89,84,98,1.88,BR,1666664753
310,Staroaleyskoye,51.0061,82.0,28.38,62,0,2.77,RU,1666664753
311,Songyuan,45.1171,124.8568,50.34,30,6,18.1,CN,1666664754
312,Wittenberge,53.0,11.75,55.04,89,6,8.23,DE,1666664754
313,Ust-Tsilma,65.441,52.1498,25.09,94,35,6.85,RU,1666664755
314,Nianzishan,47.5167,122.8833,46.4,38,6,14.2,CN,1666664755
315,Stornoway,58.2093,-6.3865,52.03,92,75,9.22,GB,1666664755
316,Stolin,51.8912,26.846,50.67,92,100,4.03,BY,1666664756
317,Los Llanos de Aridane,28.6585,-17.9182,65.95,73,20,4.61,ES,1666664549
318,Pangkalanbuun,-2.6833,111.6167,81.28,82,100,4.43,ID,1666664756
319,Saurimo,-9.6608,20.3916,63.41,87,62,3.31,AO,1666664757
320,Santa Cruz de la Sierra,-17.8,-63.1667,72.86,73,55,3.44,BO,1666664758
321,Thyolo,-16.0678,35.1405,69.37,54,13,4.21,MW,1666664758
322,Aklavik,68.2191,-135.0107,2.89,99,55,1.72,CA,1666664619
323,Geraldton,-28.7667,114.6,70.21,56,75,17.27,AU,1666664615
324,College,64.8569,-147.8028,26.58,88,75,3.44,US,1666664718
325,Arrondissement de Lons-le-Saunier,46.75,5.75,55.24,92,100,3.89,FR,1666664759
326,Flin Flon,54.7682,-101.865,26.11,91,100,13.02,CA,1666664599
327,Téra,14.0078,0.7531,83.77,19,39,10.6,NE,1666664760
328,Betafo,-19.8333,46.85,59.68,64,3,3.42,MG,1666664760
329,Vadsø,70.0744,29.7487,30.36,86,75,4.61,NO,1666664761
330,Pevek,69.7008,170.3133,3.58,95,44,8.14,RU,1666664558
331,Porto Walter,-8.2686,-72.7439,77.81,79,100,1.92,BR,1666664761
332,Marawi,7.9986,124.2928,73.44,88,100,2.33,PH,1666664617
333,Iranshahr,27.2025,60.6848,68.34,22,0,4.61,IR,1666664763
334,Necochea,-38.5473,-58.7368,63.07,61,72,18.39,AR,1666664598
335,Road Town,18.4167,-64.6167,82.49,89,40,5.75,VG,1666664764
336,Vágur,61.4732,-6.8119,49.51,97,100,21.74,FO,1666664764
337,Port Moresby,-9.4431,147.1797,90.82,55,40,11.5,PG,1666664765
338,Meulaboh,4.1363,96.1285,81.99,76,86,5.91,ID,1666664594
339,Erenhot,43.6475,111.9767,55.9,32,22,12.95,CN,1666664691
340,Chapais,49.7834,-74.8492,47.98,78,45,7.31,CA,1666664644
341,Departamento de Maldonado,-34.6667,-54.9167,59.23,94,2,7.54,UY,1666664766
342,Beringovskiy,63.05,179.3167,29.8,81,100,5.46,RU,1666664622
343,Pilar,-9.5972,-35.9567,73.33,92,20,6.55,BR,1666664573
344,Belaya Glina,46.07,40.86,48.94,88,100,7.52,RU,1666664767
345,Imst,47.2684,10.6698,41.25,93,99,3.4,AT,1666664768
346,Pichayevo,53.2363,42.2032,35.87,85,96,5.53,RU,1666664769
347,Port-Cartier,50.0334,-66.8654,44.28,91,52,3.62,CA,1666664605
348,Pangnirtung,66.1451,-65.7125,11.91,79,6,12.39,CA,1666664629
349,Okha,53.5739,142.9478,39.49,59,20,15.5,RU,1666664761
350,Kentau,43.5206,68.5094,47.71,87,44,5.79,KZ,1666664769
351,Khvatovka,52.3524,46.5628,34.54,76,47,12.75,RU,1666664770
352,Kyzyl-Suu,42.3414,78.0056,43.25,69,100,3.69,KG,1666664770
353,Bollnäs,61.3482,16.3946,44.56,97,100,9.28,SE,1666664771
354,Mossamedes,-15.1961,12.1522,68.67,83,18,7.94,AO,1666664588
355,Macusani,-14.0833,-70.4333,41.22,81,100,3.29,PE,1666664771
356,Covington,39.0837,-84.5086,68.47,49,100,8.05,US,1666664772
357,Santa Cruz de Barahona,18.2085,-71.1008,78.8,80,100,1.32,DO,1666664484
358,Taixing,32.1667,120.0136,64.8,45,99,12.5,CN,1666664772
359,Ilulissat,69.2167,-51.1,25.95,97,100,4.54,GL,1666664559
360,Azul,-36.777,-59.8585,66.34,49,76,10.54,AR,1666664773
361,Abu Samrah,35.3029,37.1841,64.69,50,0,4.47,SY,1666664773
362,Feijó,-8.1642,-70.3536,75.06,85,65,0.18,BR,1666664774
363,Corn Island,12.1694,-83.0418,83.21,73,100,10.33,NI,1666664775
364,Houston,29.7633,-95.3633,79.2,79,75,19.57,US,1666664101
365,Winslow,35.0242,-110.6974,46.58,25,0,6.91,US,1666664775
366,Rosarito,32.3333,-117.0333,67.66,52,0,8.55,MX,1666664776
367,Bahía Blanca,-38.7196,-62.2724,66.74,53,95,4.85,AR,1666664585
368,Mirador,-6.3708,-44.3631,77.04,70,4,2.62,BR,1666664776
369,Ponta do Sol,32.6667,-17.1,73.0,91,100,4.23,PT,1666664637
370,Rome,43.2128,-75.4557,61.09,92,100,5.75,US,1666664482
371,Auki,-8.7676,160.7034,81.82,82,31,5.64,SB,1666664706
372,Ginir,7.1333,40.7,56.19,82,45,4.34,ET,1666664707
373,Paracatu,-17.2222,-46.8747,70.12,67,59,3.13,BR,1666664777
374,Palmer,42.1584,-72.3287,58.55,86,100,3.44,US,1666664778
375,Tobol,52.6844,62.5794,33.12,72,100,12.3,KZ,1666664778
376,Ayan,56.45,138.1667,36.97,45,100,4.43,RU,1666664779
377,Port Elizabeth,-33.918,25.5701,68.09,96,40,12.66,ZA,1666664651
378,Constitución,-35.3333,-72.4167,51.91,90,100,7.52,CL,1666664632
379,Lincoln,40.8,-96.667,44.53,78,0,1.99,US,1666664780
380,Manggar,-2.8833,108.2667,81.48,76,100,9.75,ID,1666664780
381,Nichinan,31.6,131.3667,65.88,47,7,13.73,JP,1666664781
382,Fallon,39.4735,-118.7774,49.91,25,75,5.75,US,1666664781
383,Eyl,7.9803,49.8164,77.99,83,61,2.64,SO,1666664605
384,Zhelyabovka,45.3988,34.7578,50.52,84,36,5.3,UA,1666664782
385,Chengzhong,30.95,113.55,70.0,37,100,4.85,CN,1666664782
386,Lüderitz,-26.6481,15.1594,61.43,75,100,14.5,NA,1666664621
387,Santa Rosa,14.3122,121.1114,84.18,83,100,9.78,PH,1666664783
388,Salinópolis,-0.6136,-47.3561,79.99,75,75,11.9,BR,1666664693
389,Srednekolymsk,67.45,153.6833,8.83,80,100,3.65,RU,1666664637
390,Lázaro Cárdenas,17.9583,-102.2,79.97,86,100,4.7,MX,1666664365
391,Pitimbu,-7.4706,-34.8086,79.39,80,9,12.93,BR,1666664579
392,Tartagal,-22.5164,-63.8013,80.29,36,100,5.19,AR,1666664784
393,Forsytheganj,52.6333,29.7333,49.32,98,100,6.58,BY,1666664562
394,Labytnangi,66.6572,66.4183,24.46,92,97,7.65,RU,1666664784
395,Preobrazheniye,42.9019,133.9064,48.0,35,0,4.21,RU,1666664785
396,Carauari,-4.8828,-66.8958,74.5,97,100,2.19,BR,1666664785
397,Dawei,14.0833,98.2,81.36,79,94,1.92,MM,1666664785
398,Piqua,40.1448,-84.2424,66.58,58,100,10.04,US,1666664786
399,Le Port,-20.9373,55.2919,73.36,72,15,7.52,RE,1666664786
400,Kiunga,-6.1219,141.2906,87.06,64,100,1.48,PG,1666664719
401,Vardø,70.3705,31.1107,31.98,80,75,8.05,NO,1666664689
402,Saryozek,44.3583,77.9753,42.71,56,100,4.16,KZ,1666664787
403,Nizhneangarsk,55.7833,109.55,27.07,58,2,2.48,RU,1666664788
404,High Level,58.5169,-117.136,28.51,100,100,9.22,CA,1666664717
405,Macapá,0.0389,-51.0664,82.38,83,40,5.75,BR,1666664788
406,Bonthe,7.5264,-12.505,75.96,90,29,3.91,SL,1666664712
407,Arrondissement de Marseille,43.3333,5.5,65.88,69,100,3.33,FR,1666664621
408,Santa Ana,33.7456,-117.8678,71.35,34,0,6.91,US,1666664375
409,Moose Factory,51.2585,-80.6094,66.2,48,100,14.97,CA,1666664790
410,Araouane,18.9048,-3.5265,78.21,14,71,8.99,ML,1666664790
411,Batagay-Alyta,67.8006,130.4114,19.15,76,100,9.82,RU,1666664790
412,Porto-Novo,6.4965,2.6036,80.42,86,100,3.6,BJ,1666664791
413,North Battleford,52.7834,-108.2847,32.09,80,100,3.44,CA,1666664791
414,Ugoofaaru,5.6667,73.0,81.57,80,76,13.87,MV,1666664702
415,Baghdad,33.3406,44.4009,64.31,55,0,8.05,IQ,1666664518
416,São Félix do Xingu,-6.6447,-51.995,73.22,95,70,0.29,BR,1666664792
417,Tupik,54.4253,119.9327,27.84,87,100,12.66,RU,1666664792
418,Plettenberg Bay,-34.0527,23.3716,62.98,90,87,5.48,ZA,1666664793
419,Dingle,10.9995,122.6711,85.66,71,100,6.76,PH,1666664627
420,Straumen,63.8709,11.2999,50.0,89,19,4.56,NO,1666664794
421,Olinda,-8.0089,-34.8553,80.33,69,75,6.91,BR,1666664558
422,Simões,-7.5989,-40.8178,81.99,50,99,2.15,BR,1666664794
423,Ixtapa,20.7,-105.2,79.83,83,20,2.3,MX,1666664795
424,Kloulklubed,7.0419,134.2556,83.37,80,100,22.37,PW,1666664560
425,Marabu,4.4148,114.0089,86.14,70,40,5.75,MY,1666664795
426,Coahuayana Viejo,18.7333,-103.6833,76.98,92,88,1.25,MX,1666664796
427,Hamilton,39.1834,-84.5333,67.98,50,100,8.05,US,1666664610
428,Abashiri,44.0213,144.2697,48.49,76,40,4.61,JP,1666664796
429,Rognan,67.0953,15.3878,36.88,74,45,8.81,NO,1666664797
430,Atikokan,48.7555,-91.6216,49.53,64,100,10.13,CA,1666664797
431,San Rafael,-34.6177,-68.3301,71.02,40,19,6.42,AR,1666664611
432,Kilindoni,-7.9139,39.6668,76.35,80,10,8.97,TZ,1666664797
433,Nome,64.5011,-165.4064,33.87,70,100,6.91,US,1666664570
434,Chara,56.9064,118.2631,24.64,58,6,3.62,RU,1666664798
435,Saint-Joseph,-21.3667,55.6167,68.38,82,16,2.59,RE,1666664627
436,El Alto,-4.2714,-81.2147,61.7,87,80,16.78,PE,1666664799
437,Shache,38.4167,77.2406,53.71,28,100,5.79,CN,1666664799
438,Ukiah,39.1502,-123.2078,64.29,70,40,6.91,US,1666664799
439,Nueva Italia,-25.6167,-57.5,76.23,81,0,5.55,PY,1666664800
440,Karakol,42.4907,78.3936,40.89,71,100,3.29,KG,1666664800
441,Goderich,43.7501,-81.7165,62.92,48,100,10.36,CA,1666664561
442,Lerwick,60.1545,-1.1494,51.8,96,100,7.83,GB,1666664801
443,Buchanan,5.8808,-10.0467,75.94,90,94,1.77,LR,1666664801
444,Richards Bay,-28.783,32.0377,68.92,95,63,8.34,ZA,1666664727
445,Cabedelo,-6.9811,-34.8339,79.47,77,1,13.38,BR,1666664802
446,Ola,59.5833,151.2833,21.15,72,48,3.15,RU,1666664485
447,Ponca City,36.707,-97.0856,53.56,84,100,10.36,US,1666664516
448,Bocana de Paiwas,12.7857,-85.1227,72.55,94,35,2.64,NI,1666664802
449,Sinjār,36.3209,41.8754,61.65,28,0,5.99,IQ,1666664803
450,Talaya,61.3833,152.75,13.17,80,6,5.7,RU,1666664803
451,Mtimbira,-8.7833,36.35,68.7,87,89,3.44,TZ,1666664804
452,Arteaga,18.4667,-102.4167,66.97,98,95,2.86,MX,1666664804
453,Ust'-Omchug,61.15,149.6333,12.67,80,10,6.44,RU,1666664804
454,Denpasar,-8.65,115.2167,83.86,83,40,11.5,ID,1666664714
455,Khakhea,-24.6895,23.494,71.22,58,3,11.56,BW,1666664805
456,Shakawe,-18.3667,21.85,72.59,41,9,5.12,BW,1666664805
457,Makakilo City,21.3469,-158.0858,82.72,63,40,17.27,US,1666664537
458,Oranjemund,-28.55,16.4333,59.67,88,100,11.23,NA,1666664596
459,Graham,47.0529,-122.2943,52.52,84,40,12.66,US,1666664806
460,North Bend,43.4065,-124.2243,55.92,97,100,6.91,US,1666664807
461,Muros,42.7762,-9.0603,62.69,95,100,15.46,ES,1666664775
462,Arlit,18.7369,7.3853,79.16,26,0,8.03,NE,1666664807
463,Beirut,33.8889,35.4944,68.74,60,20,2.3,LB,1666664808
464,Mineiros,-17.5694,-52.5511,70.16,80,2,4.43,BR,1666664808
465,Abalak,58.1286,68.5944,34.7,84,100,13.8,RU,1666664808
466,Maragogi,-9.0122,-35.2225,76.12,82,18,9.08,BR,1666664630
467,San Quintín,30.4833,-115.95,65.79,61,0,9.19,MX,1666664617
468,Youghal,51.95,-7.8506,56.08,92,98,12.97,IE,1666664809
469,Nanortalik,60.1432,-45.2371,32.97,79,98,5.75,GL,1666664567
470,Alabaster,33.2443,-86.8164,69.85,71,20,5.75,US,1666664810
471,Logroño,42.4667,-2.45,53.44,76,0,1.14,ES,1666664810
472,Nakhon Thai,17.1006,100.8374,81.95,64,63,1.88,TH,1666664745
473,Matadi,-5.8167,13.45,77.11,90,100,3.38,CD,1666664592
474,Alghero,40.5589,8.3181,69.89,83,17,6.91,IT,1666664811
475,Banjar,-8.19,114.9675,86.05,69,64,3.36,ID,1666664662
476,Aripuanã,-9.1667,-60.6333,75.81,89,78,2.17,BR,1666664620
477,Mae Sai,20.4335,99.8762,79.07,68,24,1.3,TH,1666664812
478,Vogan,6.3333,1.5333,80.42,86,100,5.01,TG,1666664812
479,Safonovo,55.15,33.2167,34.12,87,54,3.31,RU,1666664812
480,Kathmandu,27.7167,85.3167,62.82,77,20,0.0,NP,1666664626
481,Port Keats,-14.25,129.55,90.64,57,22,13.31,AU,1666664813
482,Seguin,29.5688,-97.9647,80.08,82,100,19.57,US,1666664813
483,Scarborough,54.2797,-0.4044,52.79,88,30,8.01,GB,1666664521
484,Hervey Bay,-25.2986,152.8535,75.4,81,1,13.51,AU,1666664814
485,Xam Nua,20.4197,104.0439,72.16,64,100,3.53,LA,1666664814
486,Matamoros,25.5333,-103.25,80.71,29,0,3.44,MX,1666664774
487,Zhangaözen,43.3,52.8,51.33,79,91,12.88,KZ,1666664815
488,Colares,38.7992,-9.4469,66.76,100,100,20.0,PT,1666664815
489,Torbay,47.6666,-52.7314,47.5,93,75,11.99,CA,1666664612
490,Saint-Augustin,51.226,-58.6502,48.04,75,100,4.25,CA,1666664816
491,Pacific Grove,36.6177,-121.9166,60.48,75,0,1.01,US,1666664641
492,Itacoatiara,-3.1431,-58.4442,79.27,73,20,1.3,BR,1666664817
493,Ostrovnoy,68.0531,39.5131,32.41,89,100,15.26,RU,1666664624
494,Kalāleh,37.3807,55.4916,61.16,94,100,4.61,IR,1666664817
495,Kinshasa,-4.3246,15.3215,70.18,94,20,2.3,CD,1666664736
496,Doaba,33.4244,70.7364,63.03,39,0,3.33,PK,1666664818
497,Sirte,31.2089,16.5887,70.83,71,0,4.09,LY,1666664818
498,Suixi,33.8907,116.7747,66.65,40,100,14.14,CN,1666664818
499,Senneterre,48.3835,-77.2328,52.54,77,44,8.19,CA,1666664819
500,Nantucket,41.2835,-70.0995,63.14,96,94,6.13,US,1666664630
501,Cacoal,-11.4386,-61.4472,73.56,94,100,2.28,BR,1666664819
502,Teguise,29.0605,-13.564,66.42,88,0,5.75,ES,1666664412
503,Gamba,-2.65,10.0,73.15,94,100,6.49,GA,1666664709
504,Fairbanks,64.8378,-147.7164,26.6,89,75,3.44,US,1666664380
505,Nakhon Phanom,17.3333,104.4167,83.88,68,100,4.36,TH,1666664820
506,Luwuk,-0.9516,122.7875,87.67,61,83,3.4,ID,1666664567
507,Niamey,13.5137,2.1098,82.69,30,25,2.3,NE,1666664821
508,Mogok,22.9167,96.5,63.41,99,100,3.0,MM,1666664821
509,Ossora,59.2353,163.0719,34.12,76,100,8.3,RU,1666664822
510,Turaif,31.6725,38.6637,62.85,51,0,14.97,SA,1666664822
511,Sobolevo,54.4299,31.8996,40.86,85,99,5.48,RU,1666664823
512,Annau,37.8876,58.516,58.5,94,100,0.0,TM,1666664823
513,Teknāf,20.8624,92.3058,81.07,80,54,7.47,BD,1666664823
514,Sigli,5.3848,95.9609,82.35,73,99,0.49,ID,1666664824
515,Acambay,19.9558,-99.8417,57.6,74,61,4.0,MX,1666664825
516,Dubbo,-32.25,148.6167,75.33,50,75,18.41,AU,1666664535
517,Mangai,-4.05,19.5333,69.57,98,100,2.24,CD,1666664825
518,Camacha,33.0833,-16.3333,65.62,94,20,10.36,PT,1666664668
519,Linhares,-19.3911,-40.0722,69.91,96,100,0.96,BR,1666664826
520,Stokmarknes,68.5646,14.9108,30.18,64,20,5.75,NO,1666664799
521,Nouadhibou,20.931,-17.0347,66.18,94,100,4.61,MR,1666664748
522,Grafton,42.207,-71.6856,57.96,91,100,5.75,US,1666664658
523,Ketchikan,55.3422,-131.6461,45.07,81,75,3.44,US,1666664759
524,Melfi,40.9965,15.6514,57.38,64,18,7.99,IT,1666664827
525,Örnsköldsvik,63.2909,18.7153,40.15,93,100,5.75,SE,1666664695
526,Fes,34.0372,-4.9998,75.45,18,0,10.36,MA,1666664828
527,Smithers,54.7804,-127.1743,41.32,60,75,2.3,CA,1666664828
528,Otjimbingwe,-22.35,16.1333,73.78,24,6,1.63,NA,1666664829
529,Port Hedland,-20.3167,118.5667,89.65,18,0,11.5,AU,1666664719
530,Tautira,-17.7333,-149.15,78.46,82,100,21.52,PF,1666664769
531,Buala,-8.145,159.5921,83.12,75,54,3.94,SB,1666664830
532,Meleuz,52.9667,55.9167,39.42,94,100,11.72,RU,1666664830
533,Gazojak,41.1875,61.4036,52.43,46,100,6.78,TM,1666664831
534,Bandarbeyla,9.4942,50.8122,76.28,84,55,6.62,SO,1666664674
535,Bereket,39.2446,55.5154,60.58,75,51,17.94,TM,1666664831
536,Vila Velha,-20.3297,-40.2925,73.35,91,40,4.61,BR,1666664660
537,Puri,19.8,85.85,77.52,69,15,7.07,IN,1666664577
538,Goundam,16.4145,-3.6708,82.76,17,42,6.04,ML,1666664833
539,Jaca,42.569,-0.5499,52.99,87,49,4.7,ES,1666664833
540,Pombas,17.1503,-25.0201,73.18,75,12,6.87,CV,1666664833
541,Khani,41.9563,42.9566,45.97,96,99,2.33,GE,1666664834
542,Sterling,39.0062,-77.4286,61.09,87,40,5.01,US,1666664699
543,Poronaysk,49.2167,143.1167,45.46,46,2,10.25,RU,1666664835
544,Tahe,52.3333,124.7333,40.35,44,47,2.8,CN,1666664835
545,Yangi Marg`ilon,40.4272,71.7189,50.72,93,100,2.3,UZ,1666664693
546,Vao,-22.6667,167.4833,72.68,75,91,22.01,NC,1666664635
547,Goldsboro,35.3849,-77.9928,60.73,94,0,3.44,US,1666664836
548,Bairiki Village,1.3292,172.9752,86.0,70,20,10.36,KI,1666664702
549,Skjervøy,70.0311,20.9714,32.0,65,99,9.4,NO,1666664838
550,Poum,-20.2333,164.0167,78.33,76,100,21.83,NC,1666664622
551,Shimoda,34.6667,138.95,57.56,82,100,21.21,JP,1666664698
552,Grasse,43.6667,6.9167,60.78,86,0,2.3,FR,1666664840
553,Port Shepstone,-30.7414,30.455,68.31,89,100,8.01,ZA,1666664840
554,Vågåmo,61.8751,9.0967,40.35,99,100,4.14,NO,1666664841
555,Jinchang,38.4953,102.1739,55.04,37,100,1.36,CN,1666664684
556,Tiarei,-17.5333,-149.3333,82.42,81,98,18.97,PF,1666664841
557,Empalme,27.9667,-110.8167,78.85,61,0,0.0,MX,1666664842
558,Esna,25.2934,32.554,66.22,51,0,8.32,EG,1666664842
559,Tokoroa,-38.2333,175.8667,61.95,61,100,3.0,NZ,1666664844
560,Yablonovo,50.8523,37.3574,42.33,88,94,4.63,RU,1666664845
561,Shangrao,28.4532,117.9686,67.17,44,99,11.43,CN,1666664845
562,Acapulco de Juárez,16.8634,-99.8901,82.22,83,40,6.91,MX,1666664548
563,Tongchuanshi,35.0806,109.0897,57.31,39,100,5.21,CN,1666664846
564,Alekseyevsk,57.8406,108.3492,30.85,70,100,13.82,RU,1666664846
565,Orcopampa,-15.2661,-72.3417,47.23,25,50,2.33,PE,1666664847
566,Pauini,-7.7136,-66.9764,75.31,84,54,2.15,BR,1666664847
567,San Fernando,15.0286,120.6898,85.73,69,98,5.79,PH,1666664848
568,Micomeseng,2.1462,10.6164,69.4,100,99,0.78,GQ,1666664848
569,Moussoro,13.6408,16.4901,84.2,20,38,15.17,TD,1666664848
570,Togur,58.3631,82.8265,28.31,78,90,13.85,RU,1666664849
571,San Juan del Sur,11.2529,-85.8705,77.77,86,72,6.04,NI,1666664849
572,Polyarny,69.1989,33.4478,33.04,74,92,5.82,RU,1666664850
573,Yokadouma,3.5167,15.05,69.06,98,100,1.88,CM,1666664850
